# Curated module abbreviations. Everything else is derived by every build (docs/schema-v2.md,
# „Short names“); a line here is for a form that is well known, that the owner named, or that a
# module's own page or events use. Tab-separated:
#
# match    a module number (5 digits), or /pattern/ over the module's title (RE2 syntax)
# program  a program id (079-82-2008), or empty for every program
# abbrev   2 to 10 characters without spaces; {n} is the title's series number (Roman
#          numerals become digits). A pattern line appends the rest of the title's designator.
# source   owner = the owner said so; page = the module's own page or events use it;
#          common = in common use at German universities
# note     free text
#
# A line is the module's first candidate, not a promise: where another module of a program
# contests it, the module falls back to its derived candidates (owner, 2026-09-25: „dann machen
# wir die meta eben neu“). A module number that names no module is logged by the build
# (build.abbrev_overrides_unused).
#
# match	program	abbrev	source	note
12101		AuP	owner	Algorithmieren und Programmieren
12107		EEG	owner	Elektrische und elektronische Grundlagen der Informatik
/^Allgemeine Betriebswirtschaftslehre\s+([IVX]+)\b/		ABWL{n}	common	ABWL I–VI
/^(?:Bachelor[- ]?[Aa]rbeit|Bachelorarbeit|Bachelor'?s? Thesis)\b/		BA	common	68 modules share this title
/^(?:Master[- ]?[Aa]rbeit|Masterarbeit|Master'?s? Thesis)\b/		MA	common
/^Datenbanken$/		DB	common	derived would be Dat or DaB
/^Betriebssysteme\s+([IVX]+)\b/		BS{n}	common
13838		IR	page	Information Retrieval: its events say IR (derived: InR)
12345		IR	page	Information Retrieval, not offered
38316		PuI	page	Planung und Innovationsmanagement: its page says „PuI 1“ (derived: PIM)
/^Objektorientierte Programmierung\b/		OOP	common	the splitter misses Objekt|orientierte (derived: ObP)
